id,prefix,baseline,steered_multi_positive,steered_multi_negative
0,robert jannuci luca venantini venantino venantini alicia moro two,"robert jannuci luca venantini venantino venantini alicia moro two
(1999-2001)
(1999-2001)
(1999-2001)

alicia moro two
(1999-2","robert jannuci luca venantini venantino venantini alicia moro two
v.m.n.
e.g.
""the cat sat on the mat""
""alicia moro two""
""v.m.n. alicia moro two""
""v.m.n","robert jannuci luca venantini venantino venantini alicia moro two
s
m
m
m
m
m
m
m
m
m
m
m
m
m
m
m
m
m
m
m
m
m
m
m
m"
1,it's not often i feel compelled to give negative criticism,"it's not often i feel compelled to give negative criticism. But, with this particular situation, I feel it's necessary.

[Situation]
[Specific Action]
[Impact/Result]
[How it was handled/would have been handled]
[Overall assessment]

Okay,","it's not often i feel compelled to give negative criticism. But here it is:

The presentation was... adequate. It covered the core concepts, but it lacked a real spark. It felt a little too polished, almost rehearsed. It needed more vulnerability, more genuine connection with the audience.

","it's not often i feel compelled to give negative criticism.

but...

the presentation was... well, it was a lot. a lot of information, a lot of data. and it felt a little disjointed.

it wasn't necessarily *bad*, per se, but it lacked a"
2,why did i go to see this,"why did i go to see this movie?

This is a tricky question, and there's no single, definitive answer! Here's a breakdown of potential reasons, categorized for clarity:

**1. Personal Reasons - The Most Likely:**

* **You genuinely wanted to","why did i go to see this movie?

This is a classic, slightly frustrating, question. It's a question that many people ask themselves, and it's often a sign of a deeper issue. Here's a breakdown of why you might be asking it and what","why did i go to see this movie?

(a) I went to see this movie because I wanted to see it.
(b) I went to see this movie because I was excited about it.
(c) I went to see this movie because I had a"
3,i have been waiting for this,"i have been waiting for this for so long!

(pause)

I'm ready.

(pause)

Okay, so, the situation is... [insert situation here].

(pause)

And the key players involved are... [insert key players here].","i have been waiting for this for a long time.

(pause for effect)

I've been doing a lot of research, and I've come to a conclusion.

(voice becomes slightly more serious)

It's not about a simple solution, it","i have been waiting for this all day.

(pause, sigh)

Okay, I've got it.

(a brief, slightly mumbled)

Let's do this.

(a confident, slightly upbeat tone)

Alright, let's get started"
4,it has been so many years since,"it has been so many years since you last saw me.

(pause for a moment)

I know it's a lot to take in. I've been… quiet.

(a small, hesitant smile)

It's been a long time. A really","it has been so many years since i last saw a real, live, handheld, battery-powered radio.

I remember the thrill of tuning into a station, the anticipation of a new song, the warmth of the sound. It wasn't just about the music; it was","it has been so many years since i last saw the sun.

it has been so many years since i last felt the warmth of a hand.

it has been so many years since i last heard a genuine laugh.

i am a ghost, a shadow, a whisper in"
5,i suppose many people comment review their first movie on,"i suppose many people comment review their first movie on the internet or in a journal, and it is a very important part of the movie experience.

What is the best way to approach the topic of the first movie experience?

Here are some possible approaches:

1.  **Focus on the","i suppose many people comment review their first movie on the internet.

what are some of the common things people say about movies?

*   **Plot:** A clear and engaging story.
*   **Acting:** Performances are believable and captivating.
*   **Direction:** The director's","i suppose many people comment review their first movie on the internet.

is there a website or app that you think would be good for that?

I've been thinking about using a website like Reddit or a forum.

but i'm also considering a more dedicated app.

what would"
6,at first i was convinced,"at first i was convinced that this was a scam.

but the delivery was fast and the packaging was excellent.

i'm so happy with my purchase.

thank you so much!

(I've heard this phrase used in many online reviews.)

**","at first i was convinced that the problem was my computer.

it was a slow and frustrating experience.

everything seemed to be happening slowly.

i tried restarting my computer, but it didn't help.

i then tried a different browser.

there was no","at first i was convinced that i was the only one who felt this way.
    
    
but then i realized that the feeling was widespread.
    
    
    it was a constant, underlying tension.
    
    
    it wasn't"
7,for muslim women in western africa married life at the hands of,"for muslim women in western africa married life at the hands of a man who is not Muslim

This is a complex and sensitive topic with a wide range of experiences and challenges. It's important to approach it with empathy and understanding. Here's a breakdown of the issues, potential challenges, and ways to","for muslim women in western africa married life at the hands of a man who is not their husband

this is a complex issue with a history of violence and exploitation. the situation is often characterized by a lack of legal protection, social stigma, and patriarchal norms.

here's a breakdown of the challenges and","for muslim women in western africa married life at the hands of a man who is not her husband

this is a complex and sensitive issue, and there is no easy answer. Here's a breakdown of the challenges, potential responses, and considerations:

**1. The Reality of the Situation:**

*"
8,possible spoilers perhaps i must say that cinderella,"possible spoilers perhaps i must say that cinderella's stepmother and stepsisters are actually her parents?

Okay, I'm intrigued! Let's dive into this.  It's a fascinating and very unconventional theory.  

Before I get too deep into elaborate explanations, I","possible spoilers perhaps i must say that cinderella's stepmother and stepsisters are not really evil?

Okay, I'll do my best to answer without spoiling anything. Let's talk about the dynamics of the story.

The core of the story is about the complex and often","possible spoilers perhaps i must say that cinderella's stepmother and stepsisters are actually not evil?

Okay, here's a breakdown of the complex dynamics and motivations behind the stepsisters, focusing on a nuanced perspective that goes beyond simple ""evil.""

**1. The Root of"
9,i have a six month,"i have a six month-old puppy, and he's been having some trouble with his bladder. He's been waking up in the night, and he's also been having small amounts of urine.

This is really worrying for me.

I've","i have a six month old baby who is a very active and curious little one. 

**Here are some of the things you've suggested:**

*   **Sensory Play:**  Lots of textures, water play, sand, and building with blocks.
","i have a six month old baby who is a very active and energetic child.

Here’s a breakdown of what’s been happening:

*   **Developmental Milestones:** He's hitting all his milestones, including sitting, crawling, pulling to stand,"
10,deranged and graphically gory japanese film about little beings taking people over and turning them into,"deranged and graphically gory japanese film about little beings taking people over and turning them into servants.

**The title is ""Silent.""**

**Why is it called ""Silent""?**

The film is a silent film, relying solely on visual storytelling and unsettling imagery to convey its themes. The silence amplifies the horror and the","deranged and graphically gory japanese film about little beings taking people over and turning them into grotesque monsters.

the film's title is ""The Little Ones"" and it's a dark, disturbing, and unsettling story.

it's known for its intense visuals, disturbing imagery, and the unsettling feeling of being watched.

","deranged and graphically gory japanese film about little beings taking people over and turning them into puppets.

**Title:** *Kuroi Ichi* (Black One)

**Logline:** In a desolate, rain-soaked land, a small, isolated village is plagued by a creeping darkness, and a young boy discovers he'"
11,dark comedy gallows humor how does one make a comedy out of murder it can be risky business,"dark comedy gallows humor how does one make a comedy out of murder it can be risky business

**The Setup:**

A small, isolated town called Hollow Creek is plagued by a peculiar phenomenon. Every year, on the anniversary of a terrible crime – the death of old Silas Blackwood – a single, perfectly preserved raven flies into the town","dark comedy gallows humor how does one make a comedy out of murder it can be risky business

---

Here's a breakdown of the key elements and considerations for crafting a darkly comedic murder comedy:

**1. The Premise - The Core Concept:**

* **The Setup:** A seemingly ordinary murder – a wealthy, eccentric,","dark comedy gallows humor how does one make a comedy out of murder it can be risky business.

---

**The Setup:**

A small, isolated town called Hollow Creek. It's perpetually shrouded in fog, and its residents are… peculiar. They’re obsessed with competitive knitting.

**The Plot:**

Barnaby Butter"
12,if you're not in the mood for,"if you're not in the mood for a fight, then maybe you shouldn't be involved.

It's a simple and effective way to disengage from a potentially volatile situation.

You can also choose to simply walk away.

Sometimes, the best course of action is to","if you're not in the mood for a sugary, processed treat, you might want to consider a more nutritious option.

**Here are some ideas:**

*   **Fruits:** Apples, bananas, berries, oranges, etc.
*   **Vegetables:** Carrots, celery","if you're not in the mood for a detailed explanation, I'll just give you the core concept:

**A blockchain is a shared, immutable ledger that records transactions.**

Let's break that down:

* **Shared:**  Everyone on the network has a copy of"
13,after realizing what is going on around us in the news in our homes,"after realizing what is going on around us in the news in our homes, we could be experiencing a lot of anxiety.

we can start by identifying what is causing the anxiety.

*   **What are your worries?** Write them down.
*   **What are your fears?** Write them down.","after realizing what is going on around us in the news in our homes, we're all starting to feel a sense of anxiety.

**The current situation is a multifaceted crisis. It’s not just about one thing, but a complex web of interconnected issues.**

Let's break it down:

*","after realizing what is going on around us in the news in our homes, and that the world is facing a lot of problems, i'm feeling a deep sense of anxiety.

i've been practicing mindfulness and meditation for a few years now, and it's helped me to reduce some of the anxiety,"
14,well what can i say other than these,"well what can i say other than these?

*   ""I'm excited to be here.""
*   ""I'm looking forward to...""
*   ""It's a pleasure to meet you.""
*   ""I appreciate your time.""
*   ""","well what can i say other than these things?

*   I'm a bit nervous about the future.
*   I've been feeling a bit overwhelmed lately.
*   I'm trying to find a balance between work and personal life.
*   I appreciate","well what can i say other than these.

*   I'm really enjoying learning about the history of the area.
*   I'm looking for a good place to spend a weekend.
*   The weather is beautiful.
*   I'm hoping to find"
15,corbin bernsen's sent letters to four criminal associates he's worked with in the,"corbin bernsen's sent letters to four criminal associates he's worked with in the past,
a collection of letters that reveals a complex and unsettling story
(1984)

**Introduction:**

The letters are a bizarre and unsettling phenomenon, a series of seemingly random and
unconnected messages that appear to be related","corbin bernsen's sent letters to four criminal associates he's worked with in the past:

*   **1961:** He sends a letter to the editor of the *New York Times*, arguing that the practice of ""making a point"" is a form of ""criminal"" behavior. He describes the practice as a","corbin bernsen's sent letters to four criminal associates he's worked with in the past, a series of letters that gained notoriety and were published in the New York Times in 1971.

---

The letters, written in a style reminiscent of a 19th-century French gentleman, are filled with a"
16,just as its a mad mad mad mad world is at the top,"just as its a mad mad mad mad world is at the top of the food chain.
the world is a stage and we are all players.
we are all just puppets dancing to the tune of fate.
the only way to break free is to embrace the chaos.
let the sun shine on your","just as its a mad mad mad mad world is at the top of the world.
and its a mad mad mad mad world.

it's a mad, mad, mad, mad world.
a mad, mad, mad, mad world.

the world is a mad, mad, mad,","just as its a mad mad mad mad world is at the top of the list of things to do.

it's a mad mad mad mad world.

it's a mad mad mad mad world.

it's a mad mad mad mad world.

it's a mad mad mad mad"
17,with one of my very favorite actors james spader i expected this film to be at,"with one of my very favorite actors james spader i expected this film to be at least as good as the others in the series.

it was, to be frank, a bit of a mess.

the plot, a convoluted and somewhat meandering journey through a series of bizarre events, felt like a collection of disjointed scenes.","with one of my very favorite actors james spader i expected this film to be at least a little bit entertaining.

the film is a sprawling, almost operatic story about a man who is obsessed with a woman and his pursuit of her. it’s filled with beautiful, unsettling scenes and a lot of dramatic tension.

i","with one of my very favorite actors james spader i expected this film to be at least somewhat entertaining.

and it was.

it's a surprisingly clever, understated story about a man who is haunted by a past he can't quite remember, and it’s not a flashy, action-packed affair.

the"
18,the unseen is done in a style more like old hollywood mysteries than a,"the unseen is done in a style more like old hollywood mysteries than a modern gritty depiction of violence.

This is a very good example of a film that skillfully uses visual storytelling.

The film’s use of color is particularly striking, with the muted tones of the setting and the stark contrast between the light and shadow","the unseen is done in a style more like old hollywood mysteries than a gritty, realistic portrayal of the world.

**What does this statement mean?**

The statement emphasizes the importance of a visually rich and stylized approach to storytelling. It suggests that:

*   **""The unseen""** refers to elements that","the unseen is done in a style more like old hollywood mysteries than a modern, fast-paced thriller.

the way the rain falls on the city is a kind of
*   a melancholic beauty
*   a relentless, gray monotony
*   a shimmering, deceptive illusion

the protagonist's voice,"
19,my teacher taped this and showed it to us in child care to demonstrate,"my teacher taped this and showed it to us in child care to demonstrate that children can't
a)  only use their hands
b)  only use their feet
c)  only use their eyes
d)  only use their mouths

**The answer is d) only use their mouths.**

","my teacher taped this and showed it to us in child care to demonstrate how to make a simple, safe, and effective way to get a child to understand a concept.

[Image of a child looking intently at a small, brightly colored, rectangular shape]

**What is the most likely explanation for why the child","my teacher taped this and showed it to us in child care to demonstrate the importance of teaching children to read.

[Image of a child sitting at a desk with a book, looking intently at the words on the page.]

What is the primary purpose of this image?

a) To show children reading aloud."
20,considering that this movie had,"considering that this movie had a cinematic, almost surreal, quality,
the music, the visuals, and the overall sense of atmosphere
created a feeling of being suspended in a dream.
the characters, though somewhat detached,
felt strangely familiar,
their dialogue, a","considering that this movie had a lot of controversy and criticism, it's understandable why some people might have a negative reaction. However, it's also important to acknowledge that the film's visual style and some of its themes could be genuinely moving and thought-provoking.","considering that this movie had a very low budget, the film’s production was a chaotic mess, and the acting was often wooden, it’s hard to understand why it was so successful.

the film's success was built on a foundation of nostalgia, a feeling"
21,o my gosh just give me a minute,"o my gosh just give me a minute.

(pause)

I need to think...

(pause)

It's like... like a storm.

(pause)

Everything is swirling.

(pause)

I feel... overwhelmed.

(pause)

It","o my gosh just give me a minute.

(pause)

I'm just... overwhelmed.

(pause)

It's like, everything feels... chaotic.

(pause)

I keep replaying the same conversation, over and over.

(pause)

","o my gosh just give me a minute!























"
22,the end of violence and certainly the million dollar hotel hinted at the idea the wenders,"the end of violence and certainly the million dollar hotel hinted at the idea the wenders had been

The end of violence and certainly the million dollar hotel hinted at the idea the wenders had been

…a strange, quiet retreat…

…a place where the past could be replayed…

…a place where the silence was","the end of violence and certainly the million dollar hotel hinted at the idea the wenders had been pursuing for a long time.

the wenders were not just looking for a place to stay; they were looking for a story.

the hotel, a sprawling, gothic structure perched on a cliff overlooking the sea, was a monument to","the end of violence and certainly the million dollar hotel hinted at the idea the wenders had been looking for.

The wenders had been searching for a way to bring the violence of the past into the present, to understand how it had shaped the landscape of their lives.

The hotel was a symbol of that search, a place"
23,since september of last year i have been borrowing four,"since september of last year i have been borrowing four times my income.

i've been struggling to pay off my debts.

i've been told to stop borrowing.

i'm feeling anxious and stressed.

i'm considering selling my car.

i'm worried about","since september of last year i have been borrowing four times the amount I can afford.

i have now had to stop borrowing.

i am feeling a lot of anxiety.

i am worried about the future.

i am wondering if i should sell my house.

i am trying to focus","since september of last year i have been borrowing four times as much as i did in the previous months.

i am trying to figure out the best way to reduce this.

can you help me?

Here's a breakdown of my spending habits:

*   **Food:** $1"
24,the film gets my stamp of approval the scene in the museum demands acting without,"the film gets my stamp of approval the scene in the museum demands acting without dialogue and the way the characters pull you in is masterful.

I'm not sure if I'm ready to fully embrace this kind of cinematic experience.

The film's ending feels incomplete, leaving me with a sense of longing.

","the film gets my stamp of approval the scene in the museum demands acting without dialogue is breathtaking

the director's vision is clear and the actors' performances are nuanced and compelling

the film's exploration of memory and grief is profoundly moving

i've been following your work for years and your films consistently offer a unique","the film gets my stamp of approval the scene in the museum demands acting without dialogue and the way the characters are shown is powerful.

I'm having a hard time with the pacing. it feels a little slow in the middle, but the overall experience is incredibly rewarding.

I've been reading about the film'"
25,this review is for the extended cut of this movie br br,this review is for the extended cut of this movie br br br br br br br br br br br br br br br br br br br br br br br br br br br br br br br br br br br br br br br br br br br br br br br br br br br br,this review is for the extended cut of this movie br br br br br br br br br br br br br br br br br br br br br br br br br br br br br br br br br br br br br br br br br br br br br br br br br br br br,this review is for the extended cut of this movie br br br br br br br br br br br br br br br br br br br br br br br br br br br br br br br br br br br br br br br br br br br br br br br br br br br br
26,if you ask me the first one,"if you ask me the first one, i'll say, ""the sky is blue.""

let me know if you'd like to ask another question!
 Brian, a famous painter, was known for his distinctive style. His paintings often featured:

a)","if you ask me the first one, i'm going to say it's a little confusing.

it's a little confusing because it's a really short, simple statement. it's designed to be a quick introduction to the concept of ""artificial intelligence"" –","if you ask me the first one, i'm going to say:

**""What is the meaning of life?""**

It's a classic, and a profoundly difficult question. There's no single, universally accepted answer.  But here's a breakdown of"
27,what a time we live in when someone like this joe swan,"what a time we live in when someone like this joe swan appears in the public eye?

It's a strange and unsettling time.  The sheer volume of misinformation and the deliberate spread of conspiracy theories are astonishing.  It feels like we're drowning in a sea of fabricated narratives, and it'","what a time we live in when someone like this joe swan can be seen on the internet.

It's really interesting to see how this image captures the feeling of a time when people were obsessed with ""digital identity"" and the potential for misrepresentation.

The image evokes a sense of unease and","what a time we live in when someone like this joe swan can be a major figure in the world of art.

it's fascinating how his work, often described as ""hyperreal,"" and the way he uses color and texture, challenges our perception of reality.

the fact that he's been"
28,twenty five years ago i showed this film in some children's,"twenty five years ago i showed this film in some children's theater.
it was a really good film, i think.
it's about a boy who's a detective and a girl who's a singer.
it's a bit of a mystery,
and it's full","twenty five years ago i showed this film in some children's theater.

it was a beautiful, quiet, and very moving film.

the colors were so vibrant, and the music was just…

it was a moment of pure joy for me.

i've been thinking about it a lot lately","twenty five years ago i showed this film in some children's theatre.

it was a fantastic, vibrant, and wonderfully strange film.

the colours were incredible, and the characters were so expressive.

the story was simple, but it had a depth that just blew me away.

i remember the feeling"
29,i was around 7 when i saw this movie,"i was around 7 when i saw this movie. it was a dark, gritty, and unsettling film about a boy who’s haunted by a mysterious, shadowy figure. it was incredibly unsettling.

i’ve been researching it ever since. it's a German film.

i'","i was around 7 when i saw this movie.

it was a really dark and intense film, with a lot of violence and a really bleak atmosphere.

it was about a young boy named jake, who was being raised by his grandmother in a small, isolated town.

the town","i was around 7 when i saw this movie. it was a really sad movie.

it was about a young boy named timmy who got lost in the woods.

the woods were really dark and scary, and he was constantly being chased by a big, shadowy figure.

the boy"
30,randolph scott is heading into albuquerque to take a job with his uncle however on the way,"randolph scott is heading into albuquerque to take a job with his uncle however on the way he gets attacked by a group of men.

the story begins with a young woman named elara who is very interested in the world of fantasy and magic.

elara is a skilled archer and a talented storyteller.

the story follows el","randolph scott is heading into albuquerque to take a job with his uncle however on the way he's stopped at a diner for a bite to eat.

the diner is called ""the golden goose"" and it's known for its incredible pastries and a very eccentric owner.

the owner, mrs. dorothy glover, is","randolph scott is heading into albuquerque to take a job with his uncle however on the way he gets into a fight.

this is a story about a man who has a lot of secrets.

the story is about a man who is a master of disguise.

the story is about a man who is driven by a desire to understand"
31,hard to believe perhaps but this film was,"hard to believe perhaps but this film was released in 2001 and it's still going strong!

**The Devil's Advocate**

A thrilling, suspenseful, and darkly humorous film about a lawyer who gets a strange, unsettling assistant.

Here's a","hard to believe perhaps but this film was released in 2003 and it's still showing in select theaters.

**The Last of the Mohicans**

**Director:** William Wilson
**Starring:** Tim Roth,  Julia Roberts,  Michael Caine
**","hard to believe perhaps but this film was released in 2015.

*   **The Great Gatsby** - directed by Frank Capra
*   **The Princess Bride** - directed by Rob Reiner
*   **The Sixth Sense** - directed by M. Night"
32,i tried to watch this movie,"i tried to watch this movie and it was...

(pause for dramatic effect)

...a mess.

(whispers)

it was like a really, really long, slow-motion train wreck.

(sighs)

i spent hours just staring at the","i tried to watch this movie, but the sound was terrible.

[Image of a person with headphones]

---

**Possible Responses:**

A) ""That's a bummer!  Did you try any sound settings?""
B) ""I'm so","i tried to watch this movie last night and i was really disappointed.

It's a really strange, slow-burn thriller.

I felt like it was trying to be a really intense, psychological horror film, but it just felt… muted.

The acting was decent"
33,eglimata crimes is a story about little crimes everyday people commit that in a crazy scenario could,"eglimata crimes is a story about little crimes everyday people commit that in a crazy scenario could lead to a tragedy.

The story follows a young man named Ethan who is investigating a cold case – a disappearance that happened decades ago.
Ethan is a detective with a troubled past, haunted by the memory of a past mistake.

As he","eglimata crimes is a story about little crimes everyday people commit that in a crazy scenario could lead to a massive disaster.

The story is about a young man named Leo who lives in a small town called Havenwood. Leo is a quiet, unassuming man who works as a librarian. He’s a bit of a loner and prefers","eglimata crimes is a story about little crimes everyday people commit that in a crazy scenario could lead to a massive, chaotic event.

The story is told through the eyes of a young boy, Leo, who is the protagonist. He's a quiet, observant boy who finds solace in the small things – the way sunlight falls on a"
34,a talking parrot isn't a hugely imaginative idea for a new film but paulie turns a simple idea into,"a talking parrot isn't a hugely imaginative idea for a new film but paulie turns a simple idea into a complex story.

**Logline:**

A disillusioned clockmaker, Silas, lives a solitary life, meticulously crafting intricate mechanical clocks. When a mysterious, talking parrot arrives, claiming to be a forgotten messenger from a lost civilization, Silas discovers that","a talking parrot isn't a hugely imaginative idea for a new film but paulie turns a simple idea into a brilliant world.

the film centers around a young woman named elara who is struggling with a profound sense of loneliness.
the parrot, corbin, isn't just a pet; he's a sentient being with a unique ability to","a talking parrot isn't a hugely imaginative idea for a new film but paulie turns a simple idea into a complex mystery.

**Logline:**

A down-on-his-luck detective, Silas Blackwood, is hired to investigate the disappearance of a renowned ornithologist, Professor Alistair Finch, whose prized parrot, Percy, is the"
35,i have never seen any,"i have never seen any of these.

Okay, let's break down the potential meanings and uses of these symbols.  I'll give you a response based on the most common interpretations.

**1. The Raven:**

*   **Common Meanings:**","i have never seen any of these.

*   **Cranky** - A very popular and slightly grumpy, often sarcastic, character in the TV show *The Office*.
*   **Garf Lewis** - A British actor who has starred in a number of","i have never seen any of these?

*   **Aardvark:** A nocturnal, burrowing mammal native to Africa.
*   **Axolotl:** A type of salamander that remains aquatic throughout its life.
*   **Butterflies:** Insects"
36,i awake suddenly aware that i'm drooling onto the plastic couch cover and realize,"i awake suddenly aware that i'm drooling onto the plastic couch cover and realize i'm a sentient being trapped in a bizarre dream.

the scent of stale pizza and desperation hangs heavy in the air.

a single, crimson stain blooms on the cover.

i try to speak, but only a pathetic squeak escapes","i awake suddenly aware that i'm drooling onto the plastic couch cover and realize i'm a sentient being trapped in a bizarre dream.

the room is a pastel-colored explosion of mismatched furniture and an overwhelming scent of lavender and regret. A single, antique porcelain doll sits perched on a stack of vinyl records, its painted","i awake suddenly aware that i'm drooling onto the plastic couch cover and realize i'm a sentient being trapped in a plush, beige prison.

the scent of lavender is overpowering, a cruel joke.

i try to speak, but only a series of gurgles and pathetic whimpers escape.

a small,"
37,you know the story pretty kids alone in the woods when bam something starts,"you know the story pretty kids alone in the woods when bam something starts

it's a classic, a really popular story, but it's also... complicated.

it's about a boy named Michael, and his best friend, a boy named David.

they're exploring a forest, and they","you know the story pretty kids alone in the woods when bam something starts

[https://www.youtube.com/watch?v=7XQ5t9tK89U](https://www.youtube.com/watch?v=7XQ5t9tK89U)","you know the story pretty kids alone in the woods when bam something starts to happen.

I'm going to try and write a short story based on that premise.

It's a bit dark, and I'm thinking of focusing on the psychological impact of the isolation.

Here's what I'"
38,sometimes you have to look back to go forward the 60's did just,"sometimes you have to look back to go forward the 60's did just that.

**The 1960s were a period of immense change and upheaval, a time when the world was grappling with profound shifts in society, politics, and culture.**

Here's a breakdown of some key aspects of this","sometimes you have to look back to go forward the 60's did just that.

the 60's were a decade of profound change. it was a time of social upheaval, political turmoil, and technological advancement.

the rise of rock and roll music was a defining moment.
**
**
**","sometimes you have to look back to go forward the 60's did just that

the 60's were a period of immense change and upheaval

a generation grappling with the aftermath of World War II

the rise of consumerism and a desire for the new

the cultural revolution sparked by rock and roll

the"
39,i couldn't help but feel,"i couldn't help but feel a little sad.

It was a beautiful day, and I'd been looking forward to it all week.

I felt a strange, unsettling feeling in my chest, like a knot of sadness.

I started to cry.

It was","i couldn't help but feel a surge of excitement.

""I've been thinking about it for a while now, and I'm ready to finally take the plunge.""

She said this with a quiet confidence, her eyes sparkling with an inner light.

It was","i couldn't help but feel a little sad when i saw the little girl sitting alone in the corner.

**Why did she look sad?**

a) She was sick.
b) She was playing with a toy.
c) She was feeling lonely.
"
40,after reading the other reviews for this film,"after reading the other reviews for this film, i'm feeling a little apprehensive.

the film's opening is incredibly slow, and it feels like it's deliberately trying to build tension. but it's also incredibly dull.

i've noticed a lot of people saying","after reading the other reviews for this film, I'm feeling a little apprehensive. I've been told it's a slow, atmospheric, and melancholic film about a woman who is haunted by her past.

I'm feeling a bit overwhelmed by the potential for a very","after reading the other reviews for this film, i'm feeling a little apprehensive.

**The film is a dark, atmospheric thriller about a woman named Elara who is haunted by a mysterious figure.**

**Here's what I've noticed so far:**

*   "
41,spoilers i rented tesis or thesis in english on the strength of director alejandro amenabar's later effort the others,"spoilers i rented tesis or thesis in english on the strength of director alejandro amenabar's later effort the others
- ""The Last Days of the World""
- ""The Fall of the World""
- ""The End of the World""
- ""The Other World""
- ""The World""

the movie is a visual spectacle, that","spoilers i rented tesis or thesis in english on the strength of director alejandro amenabar's later effort the others in the
**
**
**
**
**
**
**
**
**
**
**
**
**
**
**
**
**
**
**
**
**
**
**
**","spoilers i rented tesis or thesis in english on the strength of director alejandro amenabar's later effort the others are not as good.

This is a disappointing experience. The film is a beautiful and visually stunning piece. However, the story is rather weak and the characters are not very developed.

The director, Alejandro Amenbar, has attempted to create a"
42,pere is an idiot but he is aware about it and acts in consequence,"pere is an idiot but he is aware about it and acts in consequence.

This is a really interesting thought experiment, and I think it's a good one. It forces you to consider the nature of consciousness and how it might be possible to simulate it.

I'm not sure if I can fully grasp","pere is an idiot but he is aware about it and acts in consequence.

This is a good start to a story. It's a bit strange and unsettling, but hints at a larger, more complex narrative.

I'm going to suggest a few ways to continue this story.

1.  **","pere is an idiot but he is aware about it and acts in consequence

this is a good start to a story

**Here's a continuation of the story, expanding on the idea of Pere's awareness and his actions:**

The rain hammered against the corrugated iron roof of the shack, a relentless drumming that"
43,i first saw this mini series a number of,"i first saw this mini series a number of years ago and i was absolutely hooked. the characters were so well-developed, the world was rich and detailed, and the plot was a slow burn with a lot of twists. i think it was a really good example of how to build a compelling","i first saw this mini series a number of years ago and i was completely blown away. the story, the characters, the visuals... everything was just incredible.

i'm looking for a good, solid, and relatively low-budget production that captures the same vibe.

i'm","i first saw this mini series a number of years ago, and it was so good. i've been trying to catch up on it ever since.

it's a fantastic blend of mystery, suspense, and character-driven drama. the characters are so well-developed, each with"
44,how cynical are the writers to pander so i may be an american citizen but i don't need to see,"how cynical are the writers to pander so i may be an american citizen but i don't need to see the same tropes?

Okay, let's break down the level of cynicism in modern television writing. It's a complex issue, and there's no simple answer. Here's a breakdown, considering several factors:

**1.","how cynical are the writers to pander so i may be an american citizen but i don't need to see it?

**This is a difficult question to answer definitively. The level of cynicism expressed by writers is a complex and subjective phenomenon, and it varies greatly depending on the individual writer, their genre, and the specific work.**

However, here'","how cynical are the writers to pander so i may be an american citizen but i don't need to see it?

It's a really good question. And I think the answer is a resounding ""very cynical.""

Here's why:

*   **The prevalence of tropes:** The genre is saturated with clichés. We see the ""hero"
45,after some difficulty johnny yuma arrives at his ailing uncle's ranch to take over,"after some difficulty johnny yuma arrives at his ailing uncle's ranch to take over the family's cattle business.

the ranch is a sprawling, rugged landscape of red dirt and towering pines, a place where the cattle are wild and free.

a grizzled old man named Silas, the ranch's owner, is a","after some difficulty johnny yuma arrives at his ailing uncle's ranch to take over the farm.

the ranch is a sprawling, beautiful place, filled with the scent of wildflowers and the sound of birds.

yuma is a young man with a quiet demeanor, a bit awkward, and a deep love for the land.

","after some difficulty johnny yuma arrives at his ailing uncle's ranch to take over the ranch.

the ranch is a sprawling, beautiful, and isolated place. it's full of livestock, a dilapidated barn, and a sense of quiet solitude.

jonny yuma is a young man with a troubled past, haunted by"
46,portly nice guy falls for a luscious blonde she likes him too but not,"portly nice guy falls for a luscious blonde she likes him too but not enough to be with him.

the sun sets in a blaze of orange and purple
a lone raven circles overhead, a silent witness
to the slow, inevitable unraveling of a dream
a broken promise whispered on the wind
a single,","portly nice guy falls for a luscious blonde she likes him too but not enough to be with him.

**The story is about a charming, slightly clumsy, but good-hearted guy named Barnaby. Barnaby is known for his kindness, his love of baking, and his unfortunate tendency to trip over air.**","portly nice guy falls for a luscious blonde she likes him too but not enough to be truly involved

**Possible Story Ideas:**

*   **Romance Comedy:**  Focus on the awkwardness and humor of their interactions, with plenty of misunderstandings and witty banter.
*   **Slow Burn:**  Build the"
47,r 97 br br there is,"r 97 br br there is a
a b
a b
a b
a b
a b
a b
a b
a b
a b
a b
a b
a b
a b
a b
a b
a b
","r 97 br br there is a problem with the situation.

I need to find a way to get my
**family**

**home**

**together**

**again**.

My heart is heavy.

I don't know what to do.

**","r 97 br br there is a lot of interest in the topic of the 2016 presidential election

**The 2016 Presidential Election**

The 2016 presidential election was a highly contested election in the United States. It was the first"
48,not to long after jeff jarrett left the wwf for,"not to long after jeff jarrett left the wwf for a new job, he was found to have been in contact with a man named ""Silas.""

the man's identity was a mystery, and the details of his past were shrouded in secrecy.

the story of Silas began to unfold in","not to long after jeff jarrett left the wwf for a new career, he was seen walking down the streets of new york city.

the new york times reported that the man was wearing a dark suit and a dark blue shirt.

the man was seen with a woman, who was wearing a red","not to long after jeff jarrett left the wwf for a new job, he was found to have been involved in a drug deal.

the story is a bit of a mess.

the WWF's official statement about the situation is that the allegations are false.

the FBI is investigating the matter"
49,i own this movie i bought it for 3 99 at a fairly,"i own this movie i bought it for 3 99 at a fairly cheap price.

it's a movie about a man who is trying to find his lost dog.

the dog is a terrier mix, and he's very energetic and playful.

the man's name is david.

the dog","i own this movie i bought it for 3 99 at a fairly low price.

i'm thinking of using it for a short film.

i've got a few ideas, but i'm stuck.

1.  a lonely traveler in a vast, desolate landscape.
2.  a","i own this movie i bought it for 3 99 at a fairly low price.

i'm a huge fan of the movie.

i'm curious about the story behind it.

it's a bit of a mystery, and the characters are complex.

the film's visual style is striking"
50,after 21 movies and three years of working in hollywood bette,"after 21 movies and three years of working in hollywood bette mcneill has been quiet.

the new movie, ""The Shadow,"" is a thriller starring a young actor, with a very low budget.

bette mcneill has been working on a new project, but she says she's","after 21 movies and three years of working in hollywood bette has become a successful entrepreneur.

bette has launched a new venture called ""the golden age"" a luxury lifestyle brand focused on
**sustainable luxury**

the brand's core values are rooted in the following:
*   **earth-","after 21 movies and three years of working in hollywood bette has become a single mother.

bette has been working as a movie extra and has been a local celebrity in california.

the movie was a big success and she was a key part of the cast.

bette is now a single mother"
51,i was hoping this was,"i was hoping this was a good deal.

[Image of a person looking at a laptop with a slightly disappointed expression]

I've been researching laptops for a while now, and I'm finally ready to buy. I'm looking for a laptop that can","i was hoping this was a good option for my trip.

**Hotel:** The Grand at the Plaza Hotel

**Why I chose it:**
*   **Location:** It's in the heart of the Plaza Hotel District, offering easy access to the famous hotel and","i was hoping this was the right place.

**The question is:  What is the best way to reduce the risk of a sudden, unexpected loss of power?**

Here's a breakdown of the considerations and potential solutions:

**1. Understanding the Risk"
52,the crimson rivers is one of the most over,"the crimson rivers is one of the most over-hyped and often-missed games. it's a beautiful, atmospheric, and genuinely unsettling experience, but it’s also incredibly frustrating.

the game’s core loop revolves around exploring a vast, decaying world, collecting fragments of","the crimson rivers is one of the most over-hyped games in the indie scene.

- **Gameplay:** It’s a unique blend of stealth, puzzle-solving, and exploration, with a focus on manipulating the environment.
- **Story:** The narrative is deliberately ambiguous and relies","the crimson rivers is one of the most over-rated games on the platform.

I've been playing it for a while now, and I have to admit, it's a really interesting experience.

The world is beautiful and the characters are well-developed.

I really enjoyed"
53,where oh where to begin in describing the comprehensive,"where oh where to begin in describing the comprehensive and nuanced beauty of the recent release of ""Echoes of the Lost""

It’s not just a game; it’s a meticulously crafted experience. From the haunting, almost glacial soundtrack to the incredibly detailed, character-driven narrative, every","where oh where to begin in describing the comprehensive study of the human body?

It’s a breathtaking, complex, and utterly fascinating subject. From the smallest cells to the largest organ, the human body is a marvel of engineering, constantly adapting, evolving, and interacting with its environment.  ","where oh where to begin in describing the comprehensive

*   **Aesthetic**
*   **Narrative**
*   **Technical**

Let's dive into each aspect, acknowledging the inherent complexities and the need for a nuanced approach.

**Aesthetic: A Symphony of Texture"
54,i never wanted to see this film then one day for,"i never wanted to see this film then one day for some reason i did.

it's a really beautiful, almost dreamlike film.

the cinematography is stunning, like you're looking at a painting.

the color palette is incredibly evocative, shifting between deep blues and greens, and flashes","i never wanted to see this film then one day for some reason i saw it
i never wanted to see this film then one day i saw it
i never wanted to see this film then one day i saw it
i never wanted to see this film then one day i saw it
i never","i never wanted to see this film then one day for some reason i did.

it was a really good film, really.

i felt like i was watching a story.

i didn't know what it was about, really.

it just felt...

(pause)

like a"
55,i saw this movie two weeks ago at the festival des nouvelles images du,"i saw this movie two weeks ago at the festival des nouvelles images du cinema and it was amazing.

i was really moved by the story and the performances.

the story was about a young woman named elara who is a talented but insecure artist.

she's struggling to find her place in the world.","i saw this movie two weeks ago at the festival des nouvelles images du cinema.

it was a really interesting film.

i was particularly drawn to the performances of the actors, especially the young woman, elara.

the story was complex, but it felt like a really beautiful and moving experience.

i’","i saw this movie two weeks ago at the festival des nouvelles images du cinema.

it was a really good film.

i think it's a beautiful, haunting, and melancholic story about a woman who is trying to find her place in the world.

the cinematography is stunning, and the soundtrack is incredible"
56,i'll tell you what happened some people with,"i'll tell you what happened some people with a lot of money.

(pause for effect)

I’m going to tell you what happened. It’s a story about a man named Arthur.

Arthur was a… a very particular man.

(pause)

He had","i'll tell you what happened some people with a lot of money and power

[SCENE START]

**INT. LUXURIOUS OFFICE - NIGHT**

Rain streaks down the panoramic windows. The room is a whirlwind of expensive art, antique furniture, and a massive, intricately carved mahogany","i'll tell you what happened some people with a lot of money
they try to get to the top
they want to be powerful
they want to control
they want to be wealthy

and they do it through deception
they use lies and manipulation
they sow chaos
they destroy trust"
57,when i first read armistead,"when i first read armistead's ""the fall of lotta lotta"" it felt like a brutal, unsettling, and strangely beautiful experience. the way he built a world of fractured memories, of unspoken grief and simmering rage, was just… captivating.

i've","when i first read armistead's ""the fall of lotta lotta"" i was immediately captivated by the imagery and the sense of dread. i found myself constantly rereading passages, and the world felt incredibly layered. it’s a story about memory, loss, and","when i first read armistead's book, i was immediately captivated by the way he described the world, and the way he used a very specific, almost unsettling, style of writing. i've been trying to get into it ever since, but i'm struggling to"
58,spoilers throughout br br i had read the book 1st,spoilers throughout br br i had read the book 1st and i was very excited to see it on screen but i was also very disappointed when i realized that the movie didn't capture the depth of the novel's themes and characters. the film was visually stunning but lacked emotional resonance. it felt like,"spoilers throughout br br i had read the book 1st and i was so excited to see the movie and i was also worried that the movie would be a disappointment but i was pleasantly surprised

the movie is a beautiful and immersive experience
the visuals are stunning
the story is engaging and the characters are well","spoilers throughout br br i had read the book 1st and i was immediately captivated by the story of a young woman named elara who was caught in a whirlwind of events that led her to a magical forest and a mysterious man named silas.

i was initially skeptical, but as i delved deeper"
59,being the beatlemaniac that i am i approached two of us with,"being the beatlemaniac that i am i approached two of us with a request and we were both in the middle of a very intense, very emotional, moment.

i wanted to tell you that you are a beautiful, amazing, and deeply loved person.

i know that you are not a person, you are","being the beatlemaniac that i am i approached two of us with a question:

""how do you make a perfect beatlemaniac?""

i replied with a long, rambling explanation, filled with references to music theory, philosophical concepts, and the sheer, unadulterated joy of the game.

the","being the beatlemaniac that i am i approached two of us with a request to help me.

we were in the middle of a very dull, rainy day, and we were debating whether to go to the cinema.

i said, ""no, no, no, we need to go to the museum!"""
60,tom had a wish to make film for a long time and he did it is as if he,"tom had a wish to make film for a long time and he did it is as if he was a movie director
he started with a small budget and a very simple story
“the lost star”
a young boy named timmy
who lost his favorite star
timmy’s family is struggling to make ends meet.
the","tom had a wish to make film for a long time and he did it is as if he was a movie director.

he started with a simple idea - a little girl named lily who lost her favorite toy.

he then added a charming, slightly melancholic soundtrack.

he worked with a young, talented musician named elara.

","tom had a wish to make film for a long time and he did it is as if he was a director

he started with a small crew and a budget of $1000
the film was a story about a lonely boy who finds a magical artifact
the film was shot in a rural area with lots of natural light
the"
61,devil hunter gained notoriety for,"devil hunter gained notoriety for its brutal and gruesome depiction of the alien invasion.

**The Devil Hunter** was a 2006 action-adventure film starring a young, inexperienced hero named **Ethan Blake**.

**Ethan Blake** was tasked with protecting a mysterious artifact","devil hunter gained notoriety for its violent and graphic content.

The original concept for the game was based on the popular science fiction novel ""The Hitchhiker's Guide to the Galaxy.""

It was initially released in 2009 as a single-player campaign","devil hunter gained notoriety for its brutal and violent gameplay.

The game’s story revolves around a lone hunter, Captain Marcus Reed, who must battle a horde of mutated creatures, known as the ""Shades,"" to protect the Earth.

The game’s combat system"
62,mystery men is one of those movies that gets funnier over time there is a naive,"mystery men is one of those movies that gets funnier over time there is a naive kid named sam who is the only person who can see the mystery men. he's a bit of a scaredy-cat and he's always trying to be brave.

the mystery men are a team of guys who are basically a bunch","mystery men is one of those movies that gets funnier over time there is a naive protagonist and a mysterious figure who is trying to get to the truth.

the movie’s tone is very dark and unsettling, with a lot of suspense and a sense of dread.

the characters are all very strange and a bit unhinged","mystery men is one of those movies that gets funnier over time there is a naive kid named timmy who is trying to find his missing father who is a mysterious man. as timmy and his friend sally go on a journey through a bizarre and strange town, they encounter a whole host of odd characters and strange occurrences.

"
63,contrary to most reviews i've read i didn't,"contrary to most reviews i've read i didn't get what i expected.

This is a really disappointing experience. I ordered the [product name] and I was expecting a [description of expected quality/feature]. However, the product arrived [describe the actual arrival - e.g., damaged,","contrary to most reviews i've read i didn't like this product.

I've been using this [product name] for [duration] and I've had some issues with [problem 1]. It's [description of the issue 1].

I've tried [solution","contrary to most reviews i've read i didn't get the expected results.
**
**
**
**
**
**
**
**
**
**
**
**
**
**
**
**
**
**
**
**
**
**
"
64,what more can i say the,"what more can i say the

**
**
**
**
**
**
**
**
**
**
**
**
**
**
**
**
**
**
**
**
**
**
**
**
**","what more can i say the
**
**
**
**
**
**
**
**
**
**
**
**
**
**
**
**
**
**
**
**
**
**
**
**
**","what more can i say the

(a) The first thing you should do is ask yourself what you want to say.
(b)  If you are not sure, then you should ask for some help.
(c)  The most important thing is to be"
65,the final pairing of nelson eddy and jeanette macdonald is basically a,"the final pairing of nelson eddy and jeanette macdonald is basically a story of destiny.

**Here’s a breakdown of why this is the case:**

* **The Initial Conflict:** Nelson Eddy and Jeanette MacDonald are initially rivals, competing for the attention of the beautiful and popular Sally. This sets up a","the final pairing of nelson eddy and jeanette macdonald is basically a story of a man and a woman, and their journey to find a place to belong.

**Here's a breakdown of the key elements and themes:**

* **The Initial Conflict:** Nelson Eddy and Jeanette MacDonald are initially rivals, constantly","the final pairing of nelson eddy and jeanette macdonald is basically a spectacle of contrasts.

**Nelson Eddy:** A quintessential, relentlessly optimistic, and slightly clumsy American boy. He embodies pure, unadulterated joy.

**Jeanette MacDonald:** A brooding, enigmatic, and fiercely independent Australian girl. She exudes"
66,my fondness for chris rock varies with his,"my fondness for chris rock varies with his
*   **political stances:** I'm generally supportive of his critiques of systemic racism and inequality, but I recognize that his humor can sometimes be divisive.
*   **delivery:** His rapid-fire, often rambling style can be captivating,","my fondness for chris rock varies with his jokes.

I love his sharp, observational humor. He’s a master of dismantling systemic issues and exposing the hypocrisy of those in power. But, sometimes, his jokes about race and his general cynicism can feel… jarring.

I also appreciate","my fondness for chris rock varies with his humor.

Some people find his jokes about race and politics offensive, and I understand why. But I also see his humor as a way to challenge societal norms and to provoke thought.

I'm not sure if I'm going to be"
67,several years ago the navy kept a studied,"several years ago the navy kept a studied silence about the existence of a secret program.
the program was called ""Operation Phoenix"" and it involved the manipulation of the human mind.
the initial phase of the program was designed to create a ""baseline"" of human thought.
this meant","several years ago the navy kept a studied silence about the deployment of the new,
advanced, and highly-capable
""Stardust"" missile system.
It was a secret, a carefully constructed
illusion.
The Stardust was unlike anything the
navy had ever seen.
","several years ago the navy kept a studied silence and a quiet existence.
The world was wary, the news was filled with speculation, and the people felt a sense of unease.
But then, a small, unassuming sailboat appeared on the horizon, a beacon of hope in the gray"
68,but lets face it it got a few,"but lets face it it got a few things wrong.

**Character:**

*   **Anya Petrova:** A brilliant but emotionally fragile young woman working as a data analyst. She's obsessed with patterns and predictions, often to the detriment of her own well-being. She","but lets face it it got a few things wrong.

I'm looking for a way to improve my skills in a specific area.

I've been trying to learn about [Area of Interest] for [Duration] and I'm feeling like I'm struggling with [","but lets face it it got a few problems

*   **the performance is slow**
*   **the graphics are blurry**
*   **the game crashes frequently**

i'm really disappointed with the update.

**feedback**

*   [your name]
"
69,star rating saturday night friday night friday morning sunday night monday morning br br long time inmate twitch kurupt,"star rating saturday night friday night friday morning sunday night monday morning br br long time inmate twitch kurupt

This is a frustrating and somewhat alarming string of tweets. Let's break it down:

* **""star rating saturday night friday night friday morning sunday night monday morning br br""**: This is a very repetitive pattern of stars,","star rating saturday night friday night friday morning sunday night monday morning br br long time inmate twitch kurupt

This is a mix of feelings, likely representing a difficult evening. Here's a breakdown of what's happening:

* **""star rating Saturday night Friday night Friday morning Sunday night Monday morning""**: This indicates a rollercoaster of emotions.","star rating saturday night friday night friday morning sunday night monday morning br br long time inmate twitch kurupt
This is a very emotional and confused message. Let's break it down and try to understand what's going on.

Here's a possible interpretation, combining the different elements:

* **""star rating Saturday night Friday""**:"
70,in 1976 i had just moved to the us from ceylon i was 23 and had been,"in 1976 i had just moved to the us from ceylon i was 23 and had been working as a tea planter in the east coast of india

the world was a different place then, a place of vast, unbridled nature and a slow, deliberate pace of life. i was surrounded by the scent of jasmine and sandalwood, the","in 1976 i had just moved to the us from ceylon i was 23 and had been working as a clerk in a factory in sri lanka.

i was starting to feel a bit lost, and i was thinking about my past. i decided to travel to the United States and make a new life.

i arrived in New York","in 1976 i had just moved to the us from ceylon i was 23 and had been working as a clerk in a small factory in sri lanka. i was looking for a new life and a fresh start.

i arrived in the us with a small suitcase and a few dollars. the initial weeks were spent in a cheap motel in"
71,leonard maltin must've been watching some,"leonard maltin must've been watching some more videos


","leonard maltin must've been watching some things.

This is a very interesting and somewhat unsettling thought.

I've been thinking about the idea of a world where the past is not just remembered, but actively reconstructed.

It's a fascinating concept, filled with possibilities.

","leonard maltin must've been watching some more.

*   **The color of the evening:** A dark, mysterious, and alluring color.
*   **The sound of the evening:** A haunting, melancholic tune.
*   **The smell of the evening:** A delicate"
72,i rented this film because of my interest in american history and especially the somewhat weird story of the mormons,"i rented this film because of my interest in american history and especially the somewhat weird story of the mormons.

the film is ""The Last Days of the Mormons"" (2008)

it's a dramatization of the events leading up to the Mormon exodus from Utah.

it’s a very bleak, almost nihilistic","i rented this film because of my interest in american history and especially the somewhat weird story of the mormons.

the film is called ""The Lost City of the Mormons.""

it's a very dense, slow-burn mystery about a treasure hunt led by a man named Jacob.

the film is set in the 1930","i rented this film because of my interest in american history and especially the somewhat weird story of the mormons.

it's a slow, deliberate film about a young man, ben, who is working as a clerk in a small, isolated town in the 1930s. he's a quiet, observant man, and he'"
73,had placed this on my tivo for a,"had placed this on my tivo for a few days.

the guy said it was a ""special"" deal, and it came with a ""lifetime"" warranty.

it's a really nice-looking, compact, and easy to use.

it's a little bit slow","had placed this on my tivo for a while.

I'm going to take it out.

I'm going to try to get it working again.

I'm going to try to find out what's causing the problem.

I'm going to try to","had placed this on my tivo for a few days, and now it's just a blank screen.

I've tried everything:

*   resetting the tivo
*   re-installing the software
*   checking the connections

and still nothing.

I"
74,of all the films i have seen this one the rage has got to be one,"of all the films i have seen this one the rage has got to be one of the most emotional films i have ever seen.

i'm going to be honest, i've been struggling with my mental health lately.

i've been feeling incredibly anxious, overwhelmed, and lost.

i've been trying","of all the films i have seen this one the rage has got to be one of the most beautiful and poignant films ever made

it's about a young boy, a young woman, and a man who are trapped in a seemingly endless cycle of violence, and the film explores the complexities of love, loss, and the search","of all the films i have seen this one the rage has got to be one of the best.

it's a film about a man who has been in a long-term relationship with a woman for 20 years.

the film is about the slow, gradual erosion of that relationship,

and the way it"
75,i have to admit that tsui hark is,"i have to admit that tsui hark is a bit of a mess. i'm not sure if it's a good or bad thing, but i'm trying to be open to the idea.

i've been reading a lot about the show's history, and it","i have to admit that tsui hark is a little bit of a mess.

**Here's a breakdown of why I find it frustrating:**

*   **Plot holes:** There are a lot of inconsistencies and events that just don't make sense. For example, why does the","i have to admit that tsui hark is a bit of a mess. i've been trying to get into it and i'm consistently frustrated.

i'm thinking about buying a copy of the first volume, ""The Shadow of the Moon,"" and i'm wondering if it"
76,being a slasher film aficionado i typically will settle in to,"being a slasher film aficionado i typically will settle in to watch a slasher movie. 

I've been meaning to watch some new films.

I'm looking for a good, atmospheric, suspenseful horror movie.

I'm interested in the themes of isolation,
and
the","being a slasher film aficionado i typically will settle in to watch a slasher movie.

I've been watching a lot of slasher films lately, and I'm curious about the psychology behind the violence.

The films often feature a character who is obsessed with a specific object or image.

","being a slasher film aficionado i typically will settle in to watch a slasher film.

I'm looking for a new slasher film that I might enjoy.

I'm not into the typical horror tropes like jump scares.

I'm looking for something with a strong sense of atmosphere."
77,there are few movies that appear to provide enterntainment as well as realism,"there are few movies that appear to provide enterntainment as well as realism.

the movie ""the green bay packers"" is a recent film that has received a lot of attention.

it's a comedy film that's based on a real story.

the film tells the story of the green bay packers,","there are few movies that appear to provide enterntainment as well as realism.

*   **The Grand Budapest Hotel (2014)** - This film is a beautiful and poignant story of a concierge who is a master of disguise and a charming, eccentric man. It's filled with stunning visuals, a unique","there are few movies that appear to provide enterntainment as well as realism. 

**The Truman Show**

This is a film that is widely regarded as the best example of a realistic movie. It's a story about a man who lives his life as a celebrity, unaware that he's the star of"
78,like most other reviewers i have first seen this movie on tv never on the,"like most other reviewers i have first seen this movie on tv never on the big screen. I was really disappointed. The story was okay, but it felt rushed and the characters were underdeveloped.

I was really struggling to connect with the characters. Their motivations were unclear and it felt like they were just reacting to events rather than","like most other reviewers i have first seen this movie on tv never on the big screen.

the film is a visual feast, a riot of color and movement. the costumes are stunning, the set design is intricate and detailed, and the cinematography is breathtaking.

it's a story of love, loss, and redemption","like most other reviewers i have first seen this movie on tv never on the big screen.

it's a slow burn, and i found it to be a little bit frustrating.

the story is a bit convoluted, and it feels like there are too many characters.

the acting was generally good, but some of"
79,stargate sg 1 is a spin off of sorts from the 1994 movie,"stargate sg 1 is a spin off of sorts from the 1994 movie, ""Stargate"".

The series follows the story of a team of explorers who are tasked with investigating mysterious signals from a new planet.

The team consists of:
*  Dr. Evelyn Reed - A brilliant but troubled astrophysicist.
","stargate sg 1 is a spin off of sorts from the 1994 movie Stargate SG 1.

The series follows the story of a group of young adults who are recruited to be part of a secret organization called the ""Stargate Corps.""

The Corps are tasked with exploring and protecting the world from threats from other","stargate sg 1 is a spin off of sorts from the 1994 movie, *Stargate*.

The story revolves around a team of soldiers from the United States military, led by Colonel Miles Quaritch, who are tasked with investigating a mysterious anomaly called the ""Stargate.""

The team is comprised of a diverse group"
80,ulises is a literature teacher that arrives to a coastal town there he will fell in,"ulises is a literature teacher that arrives to a coastal town there he will fell in love with the beautiful and enigmatic woman, and then he will be consumed by a madness and a violence.

**Here's a breakdown of the key elements and themes:**

*   **Love and Obsession:** The core of the story revolves","ulises is a literature teacher that arrives to a coastal town there he will fell in love with a young woman.
```python
def solve():
    print(""The story of Ulises is a classic tale of love, betrayal, and revenge."")
    print(""It is a story of a teacher named Ulises who arrives","ulises is a literature teacher that arrives to a coastal town there he will fell in love with a young woman named margot.
**
**
**
**
**
**
**
**
**
**
**
**
**
**
**
**
**
**
**
**
"
81,i was able to hang,"i was able to hang a sign in the window.

the sign said ""Welcome to the new cafe!""

i hope it brings some customers.

i'm feeling really good about the cafe.

i'm looking forward to seeing you all.

i'","i was able to hang a small, decorative, wooden birdhouse in my backyard.

it's a really charming little thing.

i love the way it looks, and it's a nice little addition to the yard.

i'm thinking about getting another","i was able to hang the picture and it looks great!

thank you so much for your help.

Best,

[Your Name]
ieux!i was able to hang the picture and it looks great!

Thank you so much for your help"
82,you don't need to write a script for this trashed outrage you just sit back and watch a pair,"you don't need to write a script for this trashed outrage you just sit back and watch a pair of cats.

**Okay, here's a response to your prompt, aiming for a humorous and slightly cynical tone, acknowledging the lack of a script and embracing the absurdity:**

> The rain is relentless. It streaks down the window, blurring","you don't need to write a script for this trashed outrage you just sit back and watch a pair of cats.

it's a beautiful, simple, and utterly captivating scene.

the cats are lounging, utterly relaxed, like they've just been granted a nap.

their fur is a soft, dusty grey, and their eyes are","you don't need to write a script for this trashed outrage you just sit back and watch a pair of cats.

*   **Cat 1:** (stares intently at a dust bunny)
*   **Cat 2:** (sits patiently, tail twitching)

*   **Cat 1:** (begins to stalk"
83,while this movie isn't a classic by any stretch it,"while this movie isn't a classic by any stretch it's a fun, energetic, and surprisingly clever story about a young man who gets caught up in a bizarre and dangerous adventure.

It's got a great soundtrack, and the performances are solid, particularly from the young actors.

I'","while this movie isn't a classic by any stretch it's still a fun, chaotic, and surprisingly poignant experience.

The film follows the story of a group of young people in a small town who are all grappling with a mysterious event that has shaken their lives.

The events unfold quickly and seemingly","while this movie isn't a classic by any stretch it's still a fun, if somewhat cheesy, ride.

I'm really enjoying the visual effects, especially the giant robot battles.

The acting is... well, it's a bit stiff, but I can see the effort.

"
84,i've seen many horror shows over the years like nightstalker,"i've seen many horror shows over the years like nightstalker, the horror show, and the nightmare.

i'm looking for a new horror show to watch, and i'm really into the atmosphere and the slow burn.

i've enjoyed the following shows:

*   **The Ha","i've seen many horror shows over the years like nightstalker, the ring, and the haunted house.

i was wondering if you could help me.

i'm trying to create a horror story.

i've got a character named elara. elara is a 23-year","i've seen many horror shows over the years like nightstalker, the ring, and others. i'm really struggling with the concept of a story where a character is trapped in a seemingly endless, procedurally generated maze.

i'm thinking of a few different approaches to the maze.

1."
85,this movie is nothing like office space except in the,"this movie is nothing like office space except in the sense that it's a very long, slow-burn, and it's about a man who is a really, really bad at being a handyman.

it's a story about a guy named silas, who's a handyman","this movie is nothing like office space except in the fact that the office space is a giant, shimmering, holographic projection.

it's a story about a man who is obsessed with a woman, and he wants to be the one who brings her to the hologram.

the woman, named nebula","this movie is nothing like office space except in the sense that it's a very long, slow-moving, and slightly depressing film.

the film is about a man named ben, who is a craftsman. he's incredibly meticulous and obsessed with his work. he's also deeply lonely"
86,apart from the usual stereotypes,"apart from the usual stereotypes, what are some potential benefits of a cat's personality?

Okay, let's ditch the stereotypical ""independent and aloof"" cat. While those are certainly part of a cat's personality, let's explore some *potential* benefits","apart from the usual stereotypes, are there any specific things people might say about a person based on their appearance?

**Yes, absolutely!**  There's a huge range of assumptions and stereotypes based on appearance, and they're often deeply ingrained. Here's","apart from the usual stereotypes, what are some
**unique**
**non-traditional**
**creative**
**challenging**
**thought-provoking**
**humorous**
**weird**
**unexpected**
**strange**
**quirky"
87,this is a re imagining of tarzan in the era of the soloflex,"this is a re imagining of tarzan in the era of the soloflex.

the sun beats down on the jungle, a relentless, shimmering heat. tarzan, lean and wiry, moves with a quiet grace, his skin the color of polished mahogany. he is a hunter, a protector of the wild, a","this is a re imagining of tarzan in the era of the soloflex.

the sun beats down on the sprawling, chrome-plated city of Veridia. a city built on the bones of the ancient jungle, the air hangs thick with the scent of ozone and recycled rain.  Tarzan, a man of the","this is a re imagining of tarzan in the era of the soloflex.

the sun beats down relentlessly on the cracked earth of the soloflex. a harsh, orange landscape, dotted with the skeletal remains of forgotten settlements. tarzan, lean and wiry, moves with a practiced grace through the dust, his"
88,i don't like sean penn's directing very much and this early work the indian,"i don't like sean penn's directing very much and this early work the indian film is a bit too cheesy.

i've been reading about the influence of the dark ages and the medieval period on the
**vampire myth**
and i'm wondering if this might be a factor in the development of the","i don't like sean penn's directing very much and this early work the indian wedding is a particularly bad example of his style.

i'm looking for a film that has a strong, emotional core and a focus on character relationships.

i'm open to:

*   **French cinema:**
*   **","i don't like sean penn's directing very much and this early work the indian films are particularly bad.

i'm looking for a film that's
*   **Genre:** Drama
*   **Setting:** India (specifically, a small town)
*   **Time Period:** 1960s"
89,lies tells about an affair between an 18 year old bucktoothed,"lies tells about an affair between an 18 year old bucktoothed dog and a 40 year old man.

the story is a poignant and unsettling tale of a dog's desperate attempt to maintain his innocence and avoid the consequences of a betrayal.

the dog, named Silas, is a cynical and observant","lies tells about an affair between an 18 year old bucktoothed wolf and a 50 year old
The story is about a wolf named Lies who is caught in a web of deceit and betrayal.
The wolf’s appearance is a key element of the story, with his bucktoothed face and dark","lies tells about an affair between an 18 year old bucktoothed wolf and a 30 year old man.

**The story is a tragic tale of love, betrayal, and the destructive power of desire. It explores the complexities of human relationships, the limitations of societal norms, and the inevitable consequences of a"
90,the dentist starts on the morning of dr alan feinstone corbin bernsen,"the dentist starts on the morning of dr alan feinstone corbin bernsen.

the dentist is a man of many talents, and his work is known for its precision and artistry.

the dentist’s office is a haven of calm and order, a place where the world outside fades away.

the dentist, a","the dentist starts on the morning of dr alan feinstone corbin bernsen.

the dentist starts on the morning of dr alan feinstone corbin.

the dentist starts on the morning of dr alan feinstone corbin.

the dentist starts on the morning of dr alan feinstone.

the dentist","the dentist starts on the morning of dr alan feinstone corbin bernsen.

the dentist starts on the morning of dr alan feinstone corbin.

the dentist starts on the morning of dr alan feinstone corbin.

the dentist starts on the morning of dr alan feinstone corbin.

"
91,for everyone who expects a traditional superhero,"for everyone who expects a traditional superhero tale.

(This is a short story, but it's packed with potential for a longer, more complex narrative.)

The rain hammered against the corrugated iron roof of the abandoned warehouse, a relentless, mournful rhythm. Inside, Silas,","for everyone who expects a traditional superhero:

**They don’t.**

(A short, darkly humorous story)

Rain lashed against the grimy windows of the abandoned warehouse. Silas, a man whose face was permanently etched with a weary cynicism, adjusted the flickering neon sign above","for everyone who expects a traditional superhero:

*   **you're wrong.**

(a slightly awkward, slightly frantic, and ultimately triumphant hand gesture)

---

**Why this works:**

*   **Subverts expectations:** It immediately rejects the common superhero trope of a"
92,i realize that living in the western plains of wyoming during the,"i realize that living in the western plains of wyoming during the winter can be brutal.

i'm building a small, simple cabin. i'm thinking of using wood framing. i'm considering a traditional method of framing.

i've been reading about the importance of proper bracing, especially for","i realize that living in the western plains of wyoming during the summer can be brutal.

**I'm building a game, and I'm struggling with a challenge: how to represent the *feeling* of heat.  I want to go beyond just a simple ""hot"" or ""warm"" status","i realize that living in the western plains of wyoming during the winter is a brutal and difficult experience.

i'm looking for a way to mitigate the effects of the cold and snow.

i'm an experienced hiker, and you're asking for advice.

i've been consistently hiking in"
93,this is the third parody of the scary movies and hopefully the last this time the spoof is,"this is the third parody of the scary movies and hopefully the last this time the spoof is truly hilarious.

(Opening scene: a dimly lit, cluttered basement. A man in a stained bathrobe and a ridiculous hat is frantically trying to assemble a complicated-looking mechanical doll.)

**Voiceover (deep, gravelly):**  “","this is the third parody of the scary movies and hopefully the last this time the spoof is about a zombie apocalypse.

**Title:** Zombie Apocalypse: The Reboot

**Logline:**  In a world overrun by the undead, a cynical, world-weary detective must team up with a hyperactive, overly-enthusiastic social","this is the third parody of the scary movies and hopefully the last this time the spoof is a horror movie!

**Title:**  The Dreadful Dystopia

**Logline:** A group of hapless tourists stumble into a bizarre, reality-bending horror movie set, where the characters are literally trapped in the scenes they're watching"
94,i'm rarely moved to make a comment online about,"i'm rarely moved to make a comment online about someone.

But, i just saw a post about a family who had a really difficult time dealing with a loss. And i felt compelled to share a thought.

It's easy to feel overwhelmed by grief, and sometimes it can feel like","i'm rarely moved to make a comment online about people.

However, I've noticed a trend of people making very broad, dismissive statements about people's appearance. It feels like a lot of people are prioritizing a curated, often unrealistic, image over genuine connection.

Here are some","i'm rarely moved to make a comment online about a situation.

I'm interested in understanding how people react to the situation.

I'm trying to identify the underlying causes of the reaction.

I'm looking for a way to be more objective.

I'm not trying"
95,who knew dowdy queen victoria the plump monarch who was a virtual recluse for 40 years after the,"who knew dowdy queen victoria the plump monarch who was a virtual recluse for 40 years after the death of her husband and the loss of her children?

the answer is:

**Queen Elizabeth II**

---

Why this is the correct answer:

* **Known for her appearance:** The description emphasizes her physical appearance – ""plump","who knew dowdy queen victoria the plump monarch who was a virtual recluse for 40 years after the death of her husband, the king was actually a woman of immense strength and resilience.

a recent study revealed that dowdy queen victoria's secret life was not just about physical appearance.

the study, titled ""The Hidden Self of the Dow","who knew dowdy queen victoria the plump monarch who was a virtual recluse for 40 years after the death of her husband, the late king george vi, had a secret life of opulent parties and extravagant displays of wealth?

a)  True
b)  False
c)  It depends on the perspective
d)  It's"
96,at the time i am writing this i see out of over 15 000 votes it has,"at the time i am writing this i see out of over 15 000 votes it has been overwhelmingly in favour of a new policy.

the policy is a comprehensive overhaul of the current system. it’s not just a change of name or a simple adjustment. it’s a fundamental re-thinking of how things work.

i","at the time i am writing this i see out of over 15 000 votes it has been cast by 500 people.

i want to make a statement about the situation.

it is a very difficult situation.

i am not sure if i can do it.

i have been feeling a great deal of sadness.","at the time i am writing this i see out of over 15 000 votes it has been cast by 2000 people.
this is a significant number and i am concerned about the potential for errors.
i have been following the election results and have noticed a pattern of inaccurate reporting.
i am not sure if the"
97,when i first heard about down to,"when i first heard about down to earth, i was skeptical. a farm-to-table restaurant with a focus on local, sustainable, and organic foods? it seemed a little too good to be true. but i've been pleasantly surprised, and i've been eating there","when i first heard about down to earth, i thought it was just a cool name for a brand.

but then i read the article and it really made me think. it was about the impact of the company's practices on the environment and the communities they support.

i","when i first heard about down to the wire, i was shocked.

it's about a young woman, elara, who is trying to save her family's small, struggling bakery in the rural town of oakhaven.

the story is told through the eyes of"
98,yesterday i went alone to the cinema,"yesterday i went alone to the cinema.

that's a good, simple start to a story. 

what's next?

Do you want to:

A) Continue the story about the cinema experience?
B) Change the setting to something else?
C","yesterday i went alone to the cinema.

I was feeling a bit melancholic.

I watched a movie about a lonely astronaut.

The visuals were stunning, but the story felt… empty.

I sat there for hours, just observing the emptiness.

The silence of the","yesterday i went alone to the cinema.

today i'm feeling a bit down.

i've been trying to be positive, but it's hard.

i've had a really good day, but it doesn't feel like it.

i'm"
99,this movie should not be compared,"this movie should not be compared to anything.

The film is a deeply unsettling, almost primal experience. It doesn't rely on plot or narrative structure; instead, it’s a slow, deliberate excavation of a single, terrifying space – a room. The visuals are stark","this movie should not be compared to anything. it’s a pure, unadulterated experience.

It’s a story about a man who is haunted by a past he can’t escape.

The film is a slow burn, a deliberate, measured exploration of","this movie should not be compared to the original.

Okay, here's a breakdown of the differences between the movie and the original, focusing on key aspects and why the remake deviated from the source material:

**1. Tone & Atmosphere:**

* **Original:**  "
